DI_F0_34,0.598,Demographic
DI_F35_44,0.598,Demographic
DI_F45_54,0.598,Demographic
DI_F55_59,0.606,Demographic
DI_F60_64,0.619,Demographic
DI_F65_69,0.686,Demographic
DI_F70_74,0.702,Demographic
DI_F75_79,0.717,Demographic
DI_F80_84,0.739,Demographic
DI_F85_89,0.745,Demographic
DI_F90_94,0.745,Demographic
DI_F95_GT,0.745,Demographic
DI_M0_34,0.589,Demographic
DI_M35_44,0.589,Demographic
DI_M45_54,0.589,Demographic
DI_M55_59,0.599,Demographic
DI_M60_64,0.609,Demographic
DI_M65_69,0.661,Demographic
DI_M70_74,0.686,Demographic
DI_M75_79,0.695,Demographic
DI_M80_84,0.736,Demographic
DI_M85_89,0.752,Demographic
DI_M90_94,0.752,Demographic
DI_M95_GT,0.752,Demographic
DI_MCAID_Female_Aged,0.052,Demographic
DI_MCAID_Female_NonAged,0.057,Demographic
DI_MCAID_Male_Aged,0.065,Demographic
DI_MCAID_Male_NonAged,0.033,Demographic
DI_OriginallyDisabled_Female,0.049,Entitlement Class
DI_OriginallyDisabled_Male,0.045,Entitlement Class
DI_Originally_ESRD_Female,-0.062,Entitlement Class
DI_Originally_ESRD_Male,-0.045,Entitlement Class
DI_HCC1,0.171,Clinical
DI_HCC2,0.077,Clinical
DI_HCC6,0.08,Clinical
DI_HCC8,0.251,Clinical
DI_HCC9,0.172,Clinical
DI_HCC10,0.106,Clinical
DI_HCC11,0.058,Clinical
DI_HCC12,0.031,Clinical
DI_HCC17,0.202,Clinical
DI_HCC18,0.087,Clinical
DI_HCC19,0.075,Clinical
DI_HCC21,0.037,Clinical
DI_HCC22,0.132,Clinical
DI_HCC23,0.004,Clinical
DI_HCC27,0.201,Clinical
DI_HCC28,0.085,Clinical
DI_HCC29,0.053,Clinical
DI_HCC33,0.057,Clinical
DI_HCC34,0.039,Clinical
DI_HCC35,0.056,Clinical
DI_HCC39,0.068,Clinical
DI_HCC40,0.075,Clinical
DI_HCC46,0.148,Clinical
DI_HCC47,0.031,Clinical
DI_HCC48,0.076,Clinical
DI_HCC51,0.127,Clinical
DI_HCC52,0.06,Clinical
DI_HCC54,0,Clinical
DI_HCC55,0,Clinical
DI_HCC57,0.136,Clinical
DI_HCC58,0.084,Clinical
DI_HCC70,0.206,Clinical
DI_HCC71,0.206,Clinical
DI_HCC72,0.105,Clinical
DI_HCC73,0,Clinical
DI_HCC74,0.068,Clinical
DI_HCC75,0.056,Clinical
DI_HCC76,0,Clinical
DI_HCC77,0.069,Clinical
DI_HCC78,0.055,Clinical
DI_HCC79,0.069,Clinical
DI_HCC80,0.118,Clinical
DI_HCC82,0.295,Clinical
DI_HCC83,0.114,Clinical
DI_HCC84,0.062,Clinical
DI_HCC85,0.072,Clinical
DI_HCC86,0.092,Clinical
DI_HCC87,0.092,Clinical
DI_HCC88,0.044,Clinical
DI_HCC96,0.071,Clinical
DI_HCC99,0.077,Clinical
DI_HCC100,0.077,Clinical
DI_HCC103,0.076,Clinical
DI_HCC104,0.076,Clinical
DI_HCC106,0.279,Clinical
DI_HCC107,0.084,Clinical
DI_HCC108,0.051,Clinical
DI_HCC110,0.065,Clinical
DI_HCC111,0.065,Clinical
DI_HCC112,0.054,Clinical
DI_HCC114,0.081,Clinical
DI_HCC115,0.015,Clinical
DI_HCC122,0,Clinical
DI_HCC124,0,Clinical
DI_HCC157,0.171,Clinical
DI_HCC158,0.171,Clinical
DI_HCC160,0.171,Clinical
DI_HCC161,0.118,Clinical
DI_HCC162,0.049,Clinical
DI_HCC166,0.118,Clinical
DI_HCC167,0.015,Clinical
DI_HCC169,0.05,Clinical
DI_HCC170,0.04,Clinical
DI_HCC173,0.041,Clinical
DI_HCC176,0,Clinical
DI_HCC186,0.159,Clinical
DI_HCC188,0.047,Clinical
DI_HCC189,0.114,Clinical
DI_SEPSIS_CARD_RESP_FAIL,0.1,Demographic
DI_CANCER_IMMUNE,0.093,Demographic
DI_DIABETES_CHF,0.02,Demographic
DI_CHF_COPD,0.018,Demographic
DI_COPD_CARD_RESP_FAIL,0.013,Demographic
DI_NONAGED_HCC6,0.074,Clinical
DI_NONAGED_HCC34,0.116,Clinical
DI_NONAGED_HCC46,0.038,Clinical
DI_NONAGED_HCC54,0.166,Clinical
DI_NONAGED_HCC55,0.166,Clinical
DI_NONAGED_HCC110,0.369,Clinical
DI_NONAGED_HCC176,0.046,Clinical
DI_HCC134,0,Clinical
DI_HCC135,0,Clinical
DI_HCC136,0,Clinical
DI_HCC137,0,Clinical
DI_HCC138,0,Clinical
DI_HCC139,0,Clinical
DI_HCC140,0,Clinical
DI_HCC141,0,Clinical
DI_HCC159,0.171,Clinical
DNE_NEF0_34,0.848,Demographic
DNE_NEF35_44,0.848,Demographic
DNE_NEF45_54,0.848,Demographic
DNE_NEF55_59,0.883,Demographic
DNE_NEF60_64,0.902,Demographic
DNE_NEF65_69,1.021,Demographic
DNE_NEF70_74,1.065,Demographic
DNE_NEF75_79,1.123,Demographic
DNE_NEF80_84,1.128,Demographic
DNE_NEF85_GT,1.142,Demographic
DNE_NEM0_34,0.735,Demographic
DNE_NEM35_44,0.775,Demographic
DNE_NEM45_54,0.811,Demographic
DNE_NEM55_59,0.843,Demographic
DNE_NEM60_64,0.867,Demographic
DNE_NEM65_69,0.974,Demographic
DNE_NEM70_74,1.03,Demographic
DNE_NEM75_79,1.072,Demographic
DNE_NEM80_84,1.105,Demographic
DNE_NEM85_GT,1.12,Demographic
DNE_NEMedicaid_Female_Aged,0.099,Demographic
DNE_NEMedicaid_Female_NonAged,0.118,Demographic
DNE_NEMedicaid_Male_Aged,0.114,Demographic
DNE_NEMedicaid_Male_NonAged,0.107,Demographic
DNE_ORIGDIS_FEMALE_LT65,0.227,Demographic
DNE_ORIGDIS_FEMALE_GE65,0.227,Demographic
DNE_ORIGDIS_MALE_LT65,0.222,Demographic
DNE_ORIGDIS_MALE_GE65,0.222,Demographic
GC_F0_34,0.198,Demographic
GC_F35_44,0.212,Demographic
GC_F45_54,0.274,Demographic
GC_F55_59,0.359,Demographic
GC_F60_64,0.416,Demographic
GC_F65_69,0.283,Demographic
GC_F70_74,0.346,Demographic
GC_F75_79,0.428,Demographic
GC_F80_84,0.517,Demographic
GC_F85_89,0.632,Demographic
GC_F90_94,0.755,Demographic
GC_F95_GT,0.775,Demographic
GC_M0_34,0.079,Demographic
GC_M35_44,0.119,Demographic
GC_M45_54,0.165,Demographic
GC_M55_59,0.292,Demographic
GC_M60_64,0.332,Demographic
GC_M65_69,0.309,Demographic
GC_M70_74,0.378,Demographic
GC_M75_79,0.464,Demographic
GC_M80_84,0.565,Demographic
GC_M85_89,0.647,Demographic
GC_M90_94,0.776,Demographic
GC_M95_GT,0.963,Demographic
GC_MCAID_Female_Aged,0.213,Demographic
GC_MCAID_Female_NonAged,0.104,Demographic
GC_MCAID_Male_Aged,0.21,Demographic
GC_MCAID_Male_NonAged,0.113,Demographic
GC_OriginallyDisabled_Female,0.244,Entitlement Class
GC_OriginallyDisabled_Male,0.171,Entitlement Class
GC_HCC1,0.492,Clinical
GC_HCC2,0.52,Clinical
GC_HCC6,0.557,Clinical
GC_HCC8,2.425,Clinical
GC_HCC9,1.006,Clinical
GC_HCC10,0.695,Clinical
GC_HCC11,0.33,Clinical
GC_HCC12,0.18,Clinical
GC_HCC17,0.344,Clinical
GC_HCC18,0.344,Clinical
GC_HCC19,0.124,Clinical
GC_HCC21,0.653,Clinical
GC_HCC22,0.342,Clinical
GC_HCC23,0.24,Clinical
GC_HCC27,1.003,Clinical
GC_HCC28,0.425,Clinical
GC_HCC29,0.313,Clinical
GC_HCC33,0.337,Clinical
GC_HCC34,0.257,Clinical
GC_HCC35,0.279,Clinical
GC_HCC39,0.423,Clinical
GC_HCC40,0.376,Clinical
GC_HCC46,1.078,Clinical
GC_HCC47,0.306,Clinical
GC_HCC48,0.258,Clinical
GC_HCC51,0.616,Clinical
GC_HCC52,0.343,Clinical
GC_HCC54,0.358,Clinical
GC_HCC55,0.358,Clinical
GC_HCC57,0.471,Clinical
GC_HCC58,0.318,Clinical
GC_HCC70,1.075,Clinical
GC_HCC71,0.868,Clinical
GC_HCC72,0.441,Clinical
GC_HCC73,1.016,Clinical
GC_HCC74,0.036,Clinical
GC_HCC75,0.281,Clinical
GC_HCC76,0.46,Clinical
GC_HCC77,0.482,Clinical
GC_HCC78,0.555,Clinical
GC_HCC79,0.252,Clinical
GC_HCC80,0.533,Clinical
GC_HCC82,1.732,Clinical
GC_HCC83,0.769,Clinical
GC_HCC84,0.326,Clinical
GC_HCC85,0.361,Clinical
GC_HCC86,0.283,Clinical
GC_HCC87,0.283,Clinical
GC_HCC88,0.21,Clinical
GC_HCC96,0.276,Clinical
GC_HCC99,0.371,Clinical
GC_HCC100,0.333,Clinical
GC_HCC103,0.481,Clinical
GC_HCC104,0.212,Clinical
GC_HCC106,1.313,Clinical
GC_HCC107,0.417,Clinical
GC_HCC108,0.288,Clinical
GC_HCC110,0.388,Clinical
GC_HCC111,0.388,Clinical
GC_HCC112,0.294,Clinical
GC_HCC114,0.691,Clinical
GC_HCC115,0.212,Clinical
GC_HCC122,0.223,Clinical
GC_HCC124,0.248,Clinical
GC_HCC134,0,Clinical
GC_HCC135,0,Clinical
GC_HCC136,0,Clinical
GC_HCC137,0,Clinical
GC_HCC138,0,Clinical
GC_HCC139,0,Clinical
GC_HCC140,0,Clinical
GC_HCC141,0,Clinical
GC_HCC157,1.071,Clinical
GC_HCC158,1.071,Clinical
GC_HCC159,1.071,Clinical
GC_HCC160,1.071,Clinical
GC_HCC161,0.473,Clinical
GC_HCC162,0.458,Clinical
GC_HCC166,0.533,Clinical
GC_HCC167,0.141,Clinical
GC_HCC169,0.441,Clinical
GC_HCC170,0.363,Clinical
GC_HCC173,0.379,Clinical
GC_HCC176,0.668,Clinical
GC_HCC186,0.203,Clinical
GC_HCC188,0.609,Clinical
GC_HCC189,0.804,Clinical
GC_SEPSIS_CARD_RESP_FAIL,0.634,Demographic
GC_CANCER_IMMUNE,1.101,Demographic
GC_DIABETES_CHF,0.237,Demographic
GC_CHF_COPD,0.255,Demographic
GC_CHF_RENAL,0,Demographic
GC_COPD_CARD_RESP_FAIL,0.42,Demographic
GC_NONAGED_HCC6,0.564,Clinical
GC_NONAGED_HCC34,0.757,Clinical
GC_NONAGED_HCC46,0.818,Clinical
GC_NONAGED_HCC54,0.432,Clinical
GC_NONAGED_HCC55,0.147,Clinical
GC_NONAGED_HCC110,2.397,Clinical
GC_NONAGED_HCC176,0,Clinical
GI_F0_34,0.783,Demographic
GI_F35_44,0.723,Demographic
GI_F45_54,0.7,Demographic
GI_F55_59,0.805,Demographic
GI_F60_64,0.773,Demographic
GI_F65_69,1.004,Demographic
GI_F70_74,0.947,Demographic
GI_F75_79,0.874,Demographic
GI_F80_84,0.792,Demographic
GI_F85_89,0.699,Demographic
GI_F90_94,0.594,Demographic
GI_F95_GT,0.465,Demographic
GI_M0_34,0.994,Demographic
GI_M35_44,0.658,Demographic
GI_M45_54,0.687,Demographic
GI_M55_59,0.814,Demographic
GI_M60_64,0.877,Demographic
GI_M65_69,1.148,Demographic
GI_M70_74,1.195,Demographic
GI_M75_79,1.168,Demographic
GI_M80_84,1.104,Demographic
GI_M85_89,1.046,Demographic
GI_M90_94,0.928,Demographic
GI_M95_GT,0.842,Demographic
GI_MCAID,0.126,Demographic
GI_ORIGDS,0.026,Demographic
GI_HCC1,1.374,Clinical
GI_HCC2,0.471,Clinical
GI_HCC6,0.541,Clinical
GI_HCC8,0.928,Clinical
GI_HCC9,0.61,Clinical
GI_HCC10,0.363,Clinical
GI_HCC11,0.255,Clinical
GI_HCC12,0.165,Clinical
GI_HCC17,0.434,Clinical
GI_HCC18,0.434,Clinical
GI_HCC19,0.187,Clinical
GI_HCC21,0.343,Clinical
GI_HCC22,0.353,Clinical
GI_HCC23,0.248,Clinical
GI_HCC27,0.637,Clinical
GI_HCC28,0.343,Clinical
GI_HCC29,0.343,Clinical
GI_HCC33,0.302,Clinical
GI_HCC34,0.175,Clinical
GI_HCC35,0.25,Clinical
GI_HCC39,0.386,Clinical
GI_HCC40,0.222,Clinical
GI_HCC46,0.638,Clinical
GI_HCC47,0.436,Clinical
GI_HCC48,0.197,Clinical
GI_HCC51,0,Clinical
GI_HCC52,0,Clinical
GI_HCC54,0.051,Clinical
GI_HCC55,0.051,Clinical
GI_HCC57,0.274,Clinical
GI_HCC58,0.274,Clinical
GI_HCC70,0.497,Clinical
GI_HCC71,0.497,Clinical
GI_HCC72,0.191,Clinical
GI_HCC73,0.294,Clinical
GI_HCC74,0,Clinical
GI_HCC75,0.256,Clinical
GI_HCC76,0.247,Clinical
GI_HCC77,0,Clinical
GI_HCC78,0.11,Clinical
GI_HCC79,0.173,Clinical
GI_HCC80,0.103,Clinical
GI_HCC82,1.567,Clinical
GI_HCC83,0.611,Clinical
GI_HCC84,0.346,Clinical
GI_HCC85,0.226,Clinical
GI_HCC86,0.394,Clinical
GI_HCC87,0.394,Clinical
GI_HCC88,0.366,Clinical
GI_HCC96,0.227,Clinical
GI_HCC99,0.175,Clinical
GI_HCC100,0.175,Clinical
GI_HCC103,0.063,Clinical
GI_HCC104,0.063,Clinical
GI_HCC106,0.773,Clinical
GI_HCC107,0.257,Clinical
GI_HCC108,0.146,Clinical
GI_HCC110,0.323,Clinical
GI_HCC111,0.323,Clinical
GI_HCC112,0.252,Clinical
GI_HCC114,0.239,Clinical
GI_HCC115,0.194,Clinical
GI_HCC122,0.366,Clinical
GI_HCC124,0.178,Clinical
GI_HCC134,0,Clinical
GI_HCC135,0,Clinical
GI_HCC136,0,Clinical
GI_HCC137,0,Clinical
GI_HCC138,0,Clinical
GI_HCC139,0,Clinical
GI_HCC140,0,Clinical
GI_HCC141,0,Clinical
GI_HCC157,0.284,Clinical
GI_HCC158,0.284,Clinical
GI_HCC160,0.284,Clinical
GI_HCC161,0.226,Clinical
GI_HCC162,0,Clinical
GI_HCC166,0.103,Clinical
GI_HCC167,0,Clinical
GI_HCC169,0.179,Clinical
GI_HCC170,0,Clinical
GI_HCC173,0.067,Clinical
GI_HCC176,0.668,Clinical
GI_HCC186,0.203,Clinical
GI_HCC188,0.658,Clinical
GI_HCC189,0.384,Clinical
GI_CHF_COPD,0.159,Demographic
GI_COPD_CARD_RESP_FAIL,0.524,Demographic
GI_SEPSIS_PRESSURE_ULCER,0.538,Demographic
GI_SEPSIS_ARTIF_OPENINGS,0.453,Demographic
GI_ART_OPENINGS_PRESSURE_ULCER,0.361,Demographic
GI_DIABETES_CHF,0.143,Demographic
GI_COPD_ASP_SPEC_BACT_PNEUM,0.249,Demographic
GI_ASP_SPEC_BACT_PNEUM_PRES_ULC,0.325,Demographic
GI_SEPSIS_ASP_SPEC_BACT_PNEUM,0.387,Demographic
GI_SCHIZOPHRENIA_COPD,0.187,Demographic
GI_SCHIZOPHRENIA_CHF,0.22,Demographic
GI_SCHIZOPHRENIA_SEIZURES,0.303,Demographic
GI_NONAGED_HCC85,0.32,Clinical
GI_NONAGED_PRESSURE_ULCER,0.421,Demographic
GI_NONAGED_HCC161,0.337,Clinical
GI_NONAGED_HCC39,0.624,Clinical
GI_NONAGED_HCC77,0.344,Clinical
GI_NONAGED_HCC6,0.914,Clinical
GI_HCC159,0.284,Clinical
GNE_NEF0_34,0.451,Demographic
GNE_NEF35_44,0.598,Demographic
GNE_NEF45_54,0.806,Demographic
GNE_NEF55_59,0.972,Demographic
GNE_NEF60_64,1.077,Demographic
GNE_NEF65,0.499,Demographic
GNE_NEF66,0.54,Demographic
GNE_NEF67,0.576,Demographic
GNE_NEF68,0.595,Demographic
GNE_NEF69,0.621,Demographic
GNE_NEF70_74,0.733,Demographic
GNE_NEF75_79,0.936,Demographic
GNE_NEF80_84,1.111,Demographic
GNE_NEF85_89,1.274,Demographic
GNE_NEF90_94,1.365,Demographic
GNE_NEF95_GT,1.241,Demographic
GNE_NEM0_34,0.242,Demographic
GNE_NEM35_44,0.448,Demographic
GNE_NEM45_54,0.63,Demographic
GNE_NEM55_59,0.821,Demographic
GNE_NEM60_64,0.951,Demographic
GNE_NEM65,0.54,Demographic
GNE_NEM66,0.598,Demographic
GNE_NEM67,0.628,Demographic
GNE_NEM68,0.656,Demographic
GNE_NEM69,0.677,Demographic
GNE_NEM70_74,0.814,Demographic
GNE_NEM75_79,1.05,Demographic
GNE_NEM80_84,1.269,Demographic
GNE_NEM85_89,1.439,Demographic
GNE_NEM90_94,1.614,Demographic
GNE_NEM95_GT,1.681,Demographic
GNE_MCAID_female0_64,0.33,Demographic
GNE_MCAID_female65,0.511,Demographic
GNE_MCAID_female66_69,0.471,Demographic
GNE_MCAID_female70_74,0.494,Demographic
GNE_MCAID_female75_GT,0.423,Demographic
GNE_MCAID_male0_64,0.417,Demographic
GNE_MCAID_male65,0.551,Demographic
GNE_MCAID_male66_69,0.551,Demographic
GNE_MCAID_male70_74,0.551,Demographic
GNE_MCAID_male75_GT,0.511,Demographic
GNE_Origdis_female65,0.619,Demographic
GNE_Origdis_female66_69,0.646,Demographic
GNE_Origdis_female70_74,0.587,Demographic
GNE_Origdis_female75_GT,0.559,Demographic
GNE_Origdis_male65,0.564,Demographic
GNE_Origdis_male66_69,0.519,Demographic
GNE_Origdis_male70_74,0.516,Demographic
GNE_Origdis_male75_GT,0.439,Demographic
TRANSPLANT_KIDNEY_ONLY_1M,5.815,Demographic
TRANSPLANT_KIDNEY_ONLY_2M,0.88,Demographic
TRANSPLANT_KIDNEY_ONLY_3M,0.88,Demographic
GE65_DUR4_9,2.635,Demographic
LT65_DUR4_9,2.582,Demographic
GE65_DUR10PL,1.268,Demographic
LT65_DUR10PL,1.17,Demographic
